Model_name,Classes,Precision,Recall,F1_Score,Support,Training_Time,Predicting_Time
KNN_3,Class-0,0.9980245278278941,0.9973525954834366,0.9976884485208924,87633.0,0.000759736696879069,9.797460114955902
KNN_3,Class-1,0.7090909090909091,0.5131578947368421,0.5954198473282444,76.0,0.000759736696879069,9.797460114955902
KNN_3,Class-2,0.9795147175815434,0.9895519389190275,0.9845077461269365,4977.0,0.000759736696879069,9.797460114955902
KNN_3,Class-3,0.9483814523184602,0.928082191780822,0.9381220250973604,1168.0,0.000759736696879069,9.797460114955902
KNN_3,Class-4,0.9909677419354839,0.9996745850959974,0.9953021221448242,6146.0,0.000759736696879069,9.797460114955902
KNN_3,accuracy,0.99593,0.99593,0.99593,0.99593,0.000759736696879069,9.797460114955902
KNN_3,macro avg,0.9251958697508582,0.8855638412032251,0.9022080378436517,100000.0,0.000759736696879069,9.797460114955902
KNN_3,weighted avg,0.9958701638387955,0.99593,0.9958843213811788,100000.0,0.000759736696879069,9.797460114955902
