Model_name,Classes,Precision,Recall,F1_Score,Support,Training_Time,Predicting_Time
MLP,Class-0,0.9899126838235294,0.9832140860178243,0.986552014335358,87633.0,3.908911681175232,0.08696234623591105
MLP,Class-1,0.0,0.0,0.0,76.0,3.908911681175232,0.08696234623591105
MLP,Class-2,0.967173738991193,0.9708659835242114,0.9690163441291488,4977.0,3.908911681175232,0.08696234623591105
MLP,Class-3,0.9923224568138196,0.4426369863013699,0.6121965660153937,1168.0,3.908911681175232,0.08696234623591105
MLP,Class-4,0.8245331183662502,0.9985356329319883,0.9032305541246597,6146.0,3.908911681175232,0.08696234623591105
MLP,accuracy,0.97648,0.97648,0.97648,0.97648,3.908911681175232,0.08696234623591105
MLP,macro avg,0.7547883995989584,0.6790505377550788,0.6941990957209121,100000.0,3.908911681175232,0.08696234623591105
MLP,weighted avg,0.9778925509550402,0.97648,0.9754360759173734,100000.0,3.908911681175232,0.08696234623591105
