Model_name,Classes,Precision,Recall,F1_Score,Support,Training_Time,Predicting_Time
MLP,Class-0,0.9898496369954926,0.9848344801615829,0.9873356900161306,87633.0,3.375299572944641,0.0782744288444519
MLP,Class-1,0.0,0.0,0.0,76.0,3.375299572944641,0.0782744288444519
MLP,Class-2,0.9969249692496925,0.9770946353224834,0.9869101978691018,4977.0,3.375299572944641,0.0782744288444519
MLP,Class-3,0.9645522388059702,0.4426369863013699,0.6068075117370892,1168.0,3.375299572944641,0.0782744288444519
MLP,Class-4,0.8245234554549141,0.9923527497559388,0.9006867016170714,6146.0,3.375299572944641,0.0782744288444519
MLP,accuracy,0.97783,0.97783,0.97783,0.97783,3.375299572944641,0.0782744288444519
MLP,macro avg,0.7551700601012138,0.6793837703082749,0.6963480202478787,100000.0,3.375299572944641,0.0782744288444519
MLP,weighted avg,0.9789930698293299,0.97783,0.9767941221982555,100000.0,3.375299572944641,0.0782744288444519
